{"cameraMode":{"drawMode":0,"name":"Shaded","section":"Shading Mode"},"sceneLighting":true,"audioPlay":false,"sceneViewState":{"showFog":true,"showMaterialUpdate":false,"showSkybox":true,"showFlares":true,"showImageEffects":true,"showParticleSystems":true},"in2DMode":false,"pivot":{"x":-10.697508811950684,"y":-1.0587912797927857,"z":0.11462774127721787},"rotation":{"x":-0.12854649126529694,"y":0.580069899559021,"z":-0.09346327930688858,"w":-0.7990594506263733},"size":11.005072593688965,"orthographic":false}